compound_id,name,drug_class,mw,heavy_atoms,clogp,hbd,hba,rotb,tpsa,ro5_violations,veber_violations,qed,bbb_permeant_predicted
ALB,Albendazole,Anthelmintic,265.34,18,3.24,2,4,4,67.01,0,0,0.833,True
PRA,Praziquantel,Anthelmintic,312.41,23,2.53,0,2,1,40.62,0,0,0.799,True
FEN,Fenbendazole,Anthelmintic,299.36,21,3.89,2,4,3,67.01,0,0,0.77,True
CLQ,Chloroquine,Antimalarial,319.88,22,4.81,1,3,8,28.16,0,0,0.756,False
MEB,Mebendazole,Anthelmintic,295.3,22,2.97,2,4,3,84.08,0,0,0.727,True
NIC,Niclosamide,Anthelmintic,327.12,21,3.86,2,4,3,92.47,0,0,0.661,False
DIS,Disulfiram,Other,296.55,16,3.62,0,4,4,6.48,0,0,0.573,True
KET,Ketoconazole,Antifungal,531.44,36,4.21,0,6,7,69.06,1,0,0.455,False
NIT,Nitazoxanide,Antiparasitic,307.29,21,2.23,1,7,4,111.43,0,0,0.401,False
MET,Metformin,Antidiabetic,129.17,9,-1.24,3,1,0,91.49,0,0,0.282,False
IVE,Ivermectin,Anthelmintic,875.11,62,5.6,3,14,8,170.06,3,1,0.204,False
ITR,Itraconazole,Antifungal,705.65,49,5.58,0,9,11,104.7,2,1,0.174,False
AUR,Auranofin,Antirheumatic,679.5,32,1.87,0,10,8,114.43,1,0,0.124,False
