compound_id,target_id,compound_name,target_name,priority,vina_affinity_kcal,n_poses,status,time_sec,drug_class,pubchem_cid,rationale,gene,primary_pdb,binding_site_description,rank_in_target,hit_tier,is_hit
KET,BTUB,Ketoconazole,β-Tubulin,LOW,-11.32,9,OK,63.3,Antifungal,456201,Steroidogenesis inhibition,TUBB,4O2B,Colchicine pocket at alpha-beta tubulin interface,1.0,Very Strong (<= -8.5),True
PRA,BTUB,Praziquantel,β-Tubulin,MEDIUM,-10.08,9,OK,15.1,Anthelmintic,4891,Under-studied — gap to fill,TUBB,4O2B,Colchicine pocket at alpha-beta tubulin interface,2.0,Very Strong (<= -8.5),True
MEB,BTUB,Mebendazole,β-Tubulin,HIGH,-9.563,9,OK,16.8,Anthelmintic,4030,Tubulin binding; well-studied in cancer,TUBB,4O2B,Colchicine pocket at alpha-beta tubulin interface,3.0,Very Strong (<= -8.5),True
FEN,BTUB,Fenbendazole,β-Tubulin,UNKNOWN,-9.099,9,OK,0.0,Anthelmintic,3334,β-tubulin inhibition; p53 activation,TUBB,4O2B,Colchicine pocket at alpha-beta tubulin interface,4.0,Very Strong (<= -8.5),True
NIC,BTUB,Niclosamide,β-Tubulin,LOW,-8.981,9,OK,16.7,Anthelmintic,4477,WNT/STAT3/mTOR pathway inhibition,TUBB,4O2B,Colchicine pocket at alpha-beta tubulin interface,5.0,Very Strong (<= -8.5),True
NIT,BTUB,Nitazoxanide,β-Tubulin,LOW,-8.532,9,OK,19.7,Antiparasitic,41684,STAT3/c-Myc inhibition,TUBB,4O2B,Colchicine pocket at alpha-beta tubulin interface,6.0,Very Strong (<= -8.5),True
CLQ,BTUB,Chloroquine,β-Tubulin,LOW,-7.658,9,OK,28.3,Antimalarial,2719,Autophagy inhibition,TUBB,4O2B,Colchicine pocket at alpha-beta tubulin interface,7.0,Strong (-7.0 to -8.5),True
ALB,BTUB,Albendazole,β-Tubulin,HIGH,-7.22,9,OK,14.8,Anthelmintic,2082,Tubulin binding; GLUT inhibition,TUBB,4O2B,Colchicine pocket at alpha-beta tubulin interface,8.0,Strong (-7.0 to -8.5),True
ITR,BTUB,Itraconazole,β-Tubulin,LOW,-5.653,9,OK,79.0,Antifungal,55283,Hedgehog pathway; angiogenesis inhibition,TUBB,4O2B,Colchicine pocket at alpha-beta tubulin interface,9.0,Weak (> -6.0),False
MET,BTUB,Metformin,β-Tubulin,LOW,-5.458,9,OK,5.7,Antidiabetic,4091,AMPK activation; mTOR inhibition,TUBB,4O2B,Colchicine pocket at alpha-beta tubulin interface,10.0,Weak (> -6.0),False
DIS,BTUB,Disulfiram,β-Tubulin,LOW,-5.21,9,OK,16.5,Other,3117,Proteasome inhibition (copper-dependent),TUBB,4O2B,Colchicine pocket at alpha-beta tubulin interface,11.0,Weak (> -6.0),False
IVE,BTUB,Ivermectin,β-Tubulin,LOW,1.22,9,OK,154.9,Anthelmintic,6321424,PAK1/importin-β1/P-gp inhibition,TUBB,4O2B,Colchicine pocket at alpha-beta tubulin interface,12.0,Weak (> -6.0),False
IVE,GLU1,Ivermectin,GLUT1 transporter,LOW,-12.17,9,OK,119.9,Anthelmintic,6321424,PAK1/importin-β1/P-gp inhibition,SLC2A1,5EQI,Inward-facing glucose/cytochalasin B binding cavity,1.0,Very Strong (<= -8.5),True
ITR,GLU1,Itraconazole,GLUT1 transporter,LOW,-10.76,9,OK,110.9,Antifungal,55283,Hedgehog pathway; angiogenesis inhibition,SLC2A1,5EQI,Inward-facing glucose/cytochalasin B binding cavity,2.0,Very Strong (<= -8.5),True
KET,GLU1,Ketoconazole,GLUT1 transporter,LOW,-10.43,9,OK,51.9,Antifungal,456201,Steroidogenesis inhibition,SLC2A1,5EQI,Inward-facing glucose/cytochalasin B binding cavity,3.0,Very Strong (<= -8.5),True
PRA,GLU1,Praziquantel,GLUT1 transporter,LOW,-9.629,9,OK,12.5,Anthelmintic,4891,Under-studied — gap to fill,SLC2A1,5EQI,Inward-facing glucose/cytochalasin B binding cavity,4.0,Very Strong (<= -8.5),True
NIC,GLU1,Niclosamide,GLUT1 transporter,LOW,-8.68,9,OK,14.7,Anthelmintic,4477,WNT/STAT3/mTOR pathway inhibition,SLC2A1,5EQI,Inward-facing glucose/cytochalasin B binding cavity,5.0,Very Strong (<= -8.5),True
MEB,GLU1,Mebendazole,GLUT1 transporter,MEDIUM,-8.533,9,OK,14.7,Anthelmintic,4030,Tubulin binding; well-studied in cancer,SLC2A1,5EQI,Inward-facing glucose/cytochalasin B binding cavity,6.0,Very Strong (<= -8.5),True
FEN,GLU1,Fenbendazole,GLUT1 transporter,UNKNOWN,-8.056,9,OK,0.0,Anthelmintic,3334,β-tubulin inhibition; p53 activation,SLC2A1,5EQI,Inward-facing glucose/cytochalasin B binding cavity,7.0,Strong (-7.0 to -8.5),True
NIT,GLU1,Nitazoxanide,GLUT1 transporter,LOW,-7.975,9,OK,16.2,Antiparasitic,41684,STAT3/c-Myc inhibition,SLC2A1,5EQI,Inward-facing glucose/cytochalasin B binding cavity,8.0,Strong (-7.0 to -8.5),True
CLQ,GLU1,Chloroquine,GLUT1 transporter,LOW,-6.822,9,OK,24.3,Antimalarial,2719,Autophagy inhibition,SLC2A1,5EQI,Inward-facing glucose/cytochalasin B binding cavity,9.0,Moderate (-6.0 to -7.0),False
ALB,GLU1,Albendazole,GLUT1 transporter,HIGH,-6.733,9,OK,13.0,Anthelmintic,2082,Tubulin binding; GLUT inhibition,SLC2A1,5EQI,Inward-facing glucose/cytochalasin B binding cavity,10.0,Moderate (-6.0 to -7.0),False
DIS,GLU1,Disulfiram,GLUT1 transporter,LOW,-5.183,9,OK,13.8,Other,3117,Proteasome inhibition (copper-dependent),SLC2A1,5EQI,Inward-facing glucose/cytochalasin B binding cavity,11.0,Weak (> -6.0),False
MET,GLU1,Metformin,GLUT1 transporter,HIGH,-4.971,9,OK,4.7,Antidiabetic,4091,AMPK activation; mTOR inhibition,SLC2A1,5EQI,Inward-facing glucose/cytochalasin B binding cavity,12.0,Weak (> -6.0),False
IVE,IMPA,Ivermectin,Importin-α (NLS),LOW,-9.473,9,OK,121.4,Anthelmintic,6321424,PAK1/importin-β1/P-gp inhibition,KPNA2,4WV6,Armadillo-repeat NLS recognition groove,1.0,Very Strong (<= -8.5),True
ITR,IMPA,Itraconazole,Importin-α (NLS),LOW,-8.835,9,OK,60.7,Antifungal,55283,Hedgehog pathway; angiogenesis inhibition,KPNA2,4WV6,Armadillo-repeat NLS recognition groove,2.0,Very Strong (<= -8.5),True
KET,IMPA,Ketoconazole,Importin-α (NLS),LOW,-7.993,9,OK,57.5,Antifungal,456201,Steroidogenesis inhibition,KPNA2,4WV6,Armadillo-repeat NLS recognition groove,3.0,Strong (-7.0 to -8.5),True
PRA,IMPA,Praziquantel,Importin-α (NLS),LOW,-7.357,9,OK,14.9,Anthelmintic,4891,Under-studied — gap to fill,KPNA2,4WV6,Armadillo-repeat NLS recognition groove,4.0,Strong (-7.0 to -8.5),True
MEB,IMPA,Mebendazole,Importin-α (NLS),LOW,-7.296,9,OK,16.9,Anthelmintic,4030,Tubulin binding; well-studied in cancer,KPNA2,4WV6,Armadillo-repeat NLS recognition groove,5.0,Strong (-7.0 to -8.5),True
FEN,IMPA,Fenbendazole,Importin-α (NLS),UNKNOWN,-6.859,9,OK,0.0,Anthelmintic,3334,β-tubulin inhibition; p53 activation,KPNA2,4WV6,Armadillo-repeat NLS recognition groove,6.0,Moderate (-6.0 to -7.0),False
NIC,IMPA,Niclosamide,Importin-α (NLS),LOW,-6.67,9,OK,16.6,Anthelmintic,4477,WNT/STAT3/mTOR pathway inhibition,KPNA2,4WV6,Armadillo-repeat NLS recognition groove,7.0,Moderate (-6.0 to -7.0),False
NIT,IMPA,Nitazoxanide,Importin-α (NLS),LOW,-6.319,9,OK,19.0,Antiparasitic,41684,STAT3/c-Myc inhibition,KPNA2,4WV6,Armadillo-repeat NLS recognition groove,8.0,Moderate (-6.0 to -7.0),False
ALB,IMPA,Albendazole,Importin-α (NLS),LOW,-5.493,9,OK,14.3,Anthelmintic,2082,Tubulin binding; GLUT inhibition,KPNA2,4WV6,Armadillo-repeat NLS recognition groove,9.0,Weak (> -6.0),False
CLQ,IMPA,Chloroquine,Importin-α (NLS),LOW,-5.375,9,OK,28.3,Antimalarial,2719,Autophagy inhibition,KPNA2,4WV6,Armadillo-repeat NLS recognition groove,10.0,Weak (> -6.0),False
MET,IMPA,Metformin,Importin-α (NLS),LOW,-4.828,9,OK,5.2,Antidiabetic,4091,AMPK activation; mTOR inhibition,KPNA2,4WV6,Armadillo-repeat NLS recognition groove,11.0,Weak (> -6.0),False
DIS,IMPA,Disulfiram,Importin-α (NLS),LOW,-3.846,9,OK,14.9,Other,3117,Proteasome inhibition (copper-dependent),KPNA2,4WV6,Armadillo-repeat NLS recognition groove,12.0,Weak (> -6.0),False
PRA,MDM2,Praziquantel,MDM2 (p53 pathway),LOW,-8.819,9,OK,12.8,Anthelmintic,4891,Under-studied — gap to fill,MDM2,4HG7,Nutlin-3a small-molecule binding pocket,1.0,Very Strong (<= -8.5),True
IVE,MDM2,Ivermectin,MDM2 (p53 pathway),LOW,-8.043,9,OK,124.3,Anthelmintic,6321424,PAK1/importin-β1/P-gp inhibition,MDM2,4HG7,Nutlin-3a small-molecule binding pocket,2.0,Strong (-7.0 to -8.5),True
MEB,MDM2,Mebendazole,MDM2 (p53 pathway),HIGH,-7.97,9,OK,16.3,Anthelmintic,4030,Tubulin binding; well-studied in cancer,MDM2,4HG7,Nutlin-3a small-molecule binding pocket,3.0,Strong (-7.0 to -8.5),True
ITR,MDM2,Itraconazole,MDM2 (p53 pathway),LOW,-7.879,9,OK,85.2,Antifungal,55283,Hedgehog pathway; angiogenesis inhibition,MDM2,4HG7,Nutlin-3a small-molecule binding pocket,4.0,Strong (-7.0 to -8.5),True
FEN,MDM2,Fenbendazole,MDM2 (p53 pathway),HIGH,-7.704,9,OK,15.4,Anthelmintic,3334,β-tubulin inhibition; p53 activation,MDM2,4HG7,Nutlin-3a small-molecule binding pocket,5.0,Strong (-7.0 to -8.5),True
KET,MDM2,Ketoconazole,MDM2 (p53 pathway),LOW,-7.558,9,OK,59.5,Antifungal,456201,Steroidogenesis inhibition,MDM2,4HG7,Nutlin-3a small-molecule binding pocket,6.0,Strong (-7.0 to -8.5),True
NIC,MDM2,Niclosamide,MDM2 (p53 pathway),LOW,-7.127,9,OK,19.0,Anthelmintic,4477,WNT/STAT3/mTOR pathway inhibition,MDM2,4HG7,Nutlin-3a small-molecule binding pocket,7.0,Strong (-7.0 to -8.5),True
CLQ,MDM2,Chloroquine,MDM2 (p53 pathway),MEDIUM,-6.984,9,OK,26.3,Antimalarial,2719,Autophagy inhibition,MDM2,4HG7,Nutlin-3a small-molecule binding pocket,8.0,Moderate (-6.0 to -7.0),False
NIT,MDM2,Nitazoxanide,MDM2 (p53 pathway),HIGH,-6.418,9,OK,17.0,Antiparasitic,41684,STAT3/c-Myc inhibition,MDM2,4HG7,Nutlin-3a small-molecule binding pocket,9.0,Moderate (-6.0 to -7.0),False
ALB,MDM2,Albendazole,MDM2 (p53 pathway),LOW,-6.266,9,OK,13.5,Anthelmintic,2082,Tubulin binding; GLUT inhibition,MDM2,4HG7,Nutlin-3a small-molecule binding pocket,10.0,Moderate (-6.0 to -7.0),False
DIS,MDM2,Disulfiram,MDM2 (p53 pathway),MEDIUM,-4.877,9,OK,13.8,Other,3117,Proteasome inhibition (copper-dependent),MDM2,4HG7,Nutlin-3a small-molecule binding pocket,11.0,Weak (> -6.0),False
MET,MDM2,Metformin,MDM2 (p53 pathway),LOW,-4.024,9,OK,4.3,Antidiabetic,4091,AMPK activation; mTOR inhibition,MDM2,4HG7,Nutlin-3a small-molecule binding pocket,12.0,Weak (> -6.0),False
KET,PAK1,Ketoconazole,PAK1 kinase,LOW,-8.787,9,OK,58.9,Antifungal,456201,Steroidogenesis inhibition,PAK1,2HY8,ATP-binding cleft between N- and C-terminal lobes,1.0,Very Strong (<= -8.5),True
IVE,PAK1,Ivermectin,PAK1 kinase,HIGH,-8.578,9,OK,151.3,Anthelmintic,6321424,PAK1/importin-β1/P-gp inhibition,PAK1,2HY8,ATP-binding cleft between N- and C-terminal lobes,2.0,Very Strong (<= -8.5),True
PRA,PAK1,Praziquantel,PAK1 kinase,LOW,-8.501,9,OK,15.3,Anthelmintic,4891,Under-studied — gap to fill,PAK1,2HY8,ATP-binding cleft between N- and C-terminal lobes,3.0,Very Strong (<= -8.5),True
MEB,PAK1,Mebendazole,PAK1 kinase,LOW,-8.419,9,OK,14.5,Anthelmintic,4030,Tubulin binding; well-studied in cancer,PAK1,2HY8,ATP-binding cleft between N- and C-terminal lobes,4.0,Strong (-7.0 to -8.5),True
ITR,PAK1,Itraconazole,PAK1 kinase,MEDIUM,-8.374,9,OK,82.5,Antifungal,55283,Hedgehog pathway; angiogenesis inhibition,PAK1,2HY8,ATP-binding cleft between N- and C-terminal lobes,5.0,Strong (-7.0 to -8.5),True
FEN,PAK1,Fenbendazole,PAK1 kinase,UNKNOWN,-7.726,9,OK,0.0,Anthelmintic,3334,β-tubulin inhibition; p53 activation,PAK1,2HY8,ATP-binding cleft between N- and C-terminal lobes,6.0,Strong (-7.0 to -8.5),True
NIC,PAK1,Niclosamide,PAK1 kinase,MEDIUM,-7.471,9,OK,14.3,Anthelmintic,4477,WNT/STAT3/mTOR pathway inhibition,PAK1,2HY8,ATP-binding cleft between N- and C-terminal lobes,7.0,Strong (-7.0 to -8.5),True
NIT,PAK1,Nitazoxanide,PAK1 kinase,LOW,-7.273,9,OK,15.9,Antiparasitic,41684,STAT3/c-Myc inhibition,PAK1,2HY8,ATP-binding cleft between N- and C-terminal lobes,8.0,Strong (-7.0 to -8.5),True
ALB,PAK1,Albendazole,PAK1 kinase,LOW,-6.497,9,OK,12.8,Anthelmintic,2082,Tubulin binding; GLUT inhibition,PAK1,2HY8,ATP-binding cleft between N- and C-terminal lobes,9.0,Moderate (-6.0 to -7.0),False
CLQ,PAK1,Chloroquine,PAK1 kinase,LOW,-6.165,9,OK,24.6,Antimalarial,2719,Autophagy inhibition,PAK1,2HY8,ATP-binding cleft between N- and C-terminal lobes,10.0,Moderate (-6.0 to -7.0),False
DIS,PAK1,Disulfiram,PAK1 kinase,LOW,-4.543,9,OK,13.7,Other,3117,Proteasome inhibition (copper-dependent),PAK1,2HY8,ATP-binding cleft between N- and C-terminal lobes,11.0,Weak (> -6.0),False
MET,PAK1,Metformin,PAK1 kinase,MEDIUM,-4.219,9,OK,4.3,Antidiabetic,4091,AMPK activation; mTOR inhibition,PAK1,2HY8,ATP-binding cleft between N- and C-terminal lobes,12.0,Weak (> -6.0),False
IVE,STA3,Ivermectin,STAT3,MEDIUM,-8.648,9,OK,106.1,Anthelmintic,6321424,PAK1/importin-β1/P-gp inhibition,STAT3,6NJS,SH2 domain phosphotyrosine binding pocket,1.0,Very Strong (<= -8.5),True
ITR,STA3,Itraconazole,STAT3,LOW,-7.718,9,OK,65.4,Antifungal,55283,Hedgehog pathway; angiogenesis inhibition,STAT3,6NJS,SH2 domain phosphotyrosine binding pocket,2.0,Strong (-7.0 to -8.5),True
MEB,STA3,Mebendazole,STAT3,LOW,-7.076,9,OK,18.6,Anthelmintic,4030,Tubulin binding; well-studied in cancer,STAT3,6NJS,SH2 domain phosphotyrosine binding pocket,3.0,Strong (-7.0 to -8.5),True
KET,STA3,Ketoconazole,STAT3,LOW,-6.836,9,OK,57.3,Antifungal,456201,Steroidogenesis inhibition,STAT3,6NJS,SH2 domain phosphotyrosine binding pocket,4.0,Moderate (-6.0 to -7.0),False
PRA,STA3,Praziquantel,STAT3,LOW,-6.646,9,OK,12.6,Anthelmintic,4891,Under-studied — gap to fill,STAT3,6NJS,SH2 domain phosphotyrosine binding pocket,5.0,Moderate (-6.0 to -7.0),False
FEN,STA3,Fenbendazole,STAT3,MEDIUM,-6.384,9,OK,16.9,Anthelmintic,3334,β-tubulin inhibition; p53 activation,STAT3,6NJS,SH2 domain phosphotyrosine binding pocket,6.0,Moderate (-6.0 to -7.0),False
NIC,STA3,Niclosamide,STAT3,HIGH,-6.035,9,OK,22.3,Anthelmintic,4477,WNT/STAT3/mTOR pathway inhibition,STAT3,6NJS,SH2 domain phosphotyrosine binding pocket,7.0,Moderate (-6.0 to -7.0),False
NIT,STA3,Nitazoxanide,STAT3,HIGH,-5.852,9,OK,19.3,Antiparasitic,41684,STAT3/c-Myc inhibition,STAT3,6NJS,SH2 domain phosphotyrosine binding pocket,8.0,Weak (> -6.0),False
CLQ,STA3,Chloroquine,STAT3,HIGH,-5.622,9,OK,27.4,Antimalarial,2719,Autophagy inhibition,STAT3,6NJS,SH2 domain phosphotyrosine binding pocket,9.0,Weak (> -6.0),False
ALB,STA3,Albendazole,STAT3,LOW,-5.509,9,OK,14.5,Anthelmintic,2082,Tubulin binding; GLUT inhibition,STAT3,6NJS,SH2 domain phosphotyrosine binding pocket,10.0,Weak (> -6.0),False
MET,STA3,Metformin,STAT3,MEDIUM,-4.222,9,OK,4.4,Antidiabetic,4091,AMPK activation; mTOR inhibition,STAT3,6NJS,SH2 domain phosphotyrosine binding pocket,11.0,Weak (> -6.0),False
DIS,STA3,Disulfiram,STAT3,LOW,-3.796,9,OK,14.5,Other,3117,Proteasome inhibition (copper-dependent),STAT3,6NJS,SH2 domain phosphotyrosine binding pocket,12.0,Weak (> -6.0),False
KET,TRXR,Ketoconazole,Thioredoxin reductase 1,MEDIUM,-10.17,9,OK,64.8,Antifungal,456201,Steroidogenesis inhibition,TXNRD1,2ZZB,C-terminal selenocysteine/redox active site,1.0,Very Strong (<= -8.5),True
IVE,TRXR,Ivermectin,Thioredoxin reductase 1,LOW,-9.779,9,OK,180.0,Anthelmintic,6321424,PAK1/importin-β1/P-gp inhibition,TXNRD1,2ZZB,C-terminal selenocysteine/redox active site,2.0,Very Strong (<= -8.5),True
PRA,TRXR,Praziquantel,Thioredoxin reductase 1,LOW,-8.985,9,OK,14.2,Anthelmintic,4891,Under-studied — gap to fill,TXNRD1,2ZZB,C-terminal selenocysteine/redox active site,3.0,Very Strong (<= -8.5),True
MEB,TRXR,Mebendazole,Thioredoxin reductase 1,LOW,-8.8,9,OK,16.5,Anthelmintic,4030,Tubulin binding; well-studied in cancer,TXNRD1,2ZZB,C-terminal selenocysteine/redox active site,4.0,Very Strong (<= -8.5),True
FEN,TRXR,Fenbendazole,Thioredoxin reductase 1,LOW,-8.488,9,OK,21.3,Anthelmintic,3334,β-tubulin inhibition; p53 activation,TXNRD1,2ZZB,C-terminal selenocysteine/redox active site,5.0,Strong (-7.0 to -8.5),True
NIC,TRXR,Niclosamide,Thioredoxin reductase 1,LOW,-7.852,9,OK,17.4,Anthelmintic,4477,WNT/STAT3/mTOR pathway inhibition,TXNRD1,2ZZB,C-terminal selenocysteine/redox active site,6.0,Strong (-7.0 to -8.5),True
NIT,TRXR,Nitazoxanide,Thioredoxin reductase 1,LOW,-7.391,9,OK,17.8,Antiparasitic,41684,STAT3/c-Myc inhibition,TXNRD1,2ZZB,C-terminal selenocysteine/redox active site,7.0,Strong (-7.0 to -8.5),True
ALB,TRXR,Albendazole,Thioredoxin reductase 1,LOW,-7.098,9,OK,17.9,Anthelmintic,2082,Tubulin binding; GLUT inhibition,TXNRD1,2ZZB,C-terminal selenocysteine/redox active site,8.0,Strong (-7.0 to -8.5),True
CLQ,TRXR,Chloroquine,Thioredoxin reductase 1,LOW,-6.944,9,OK,27.9,Antimalarial,2719,Autophagy inhibition,TXNRD1,2ZZB,C-terminal selenocysteine/redox active site,9.0,Moderate (-6.0 to -7.0),False
ITR,TRXR,Itraconazole,Thioredoxin reductase 1,LOW,-5.438,9,OK,101.2,Antifungal,55283,Hedgehog pathway; angiogenesis inhibition,TXNRD1,2ZZB,C-terminal selenocysteine/redox active site,10.0,Weak (> -6.0),False
DIS,TRXR,Disulfiram,Thioredoxin reductase 1,HIGH,-5.119,9,OK,15.5,Other,3117,Proteasome inhibition (copper-dependent),TXNRD1,2ZZB,C-terminal selenocysteine/redox active site,11.0,Weak (> -6.0),False
MET,TRXR,Metformin,Thioredoxin reductase 1,LOW,-5.108,9,OK,5.7,Antidiabetic,4091,AMPK activation; mTOR inhibition,TXNRD1,2ZZB,C-terminal selenocysteine/redox active site,12.0,Weak (> -6.0),False
PRA,WFZD,Praziquantel,Frizzled CRD (WNT),MEDIUM,-7.465,9,OK,13.1,Anthelmintic,4891,Under-studied — gap to fill,FZD8,6TFB,Druggable lipid groove of Frizzled CRD,1.0,Strong (-7.0 to -8.5),True
IVE,WFZD,Ivermectin,Frizzled CRD (WNT),HIGH,-7.398,9,OK,165.7,Anthelmintic,6321424,PAK1/importin-β1/P-gp inhibition,FZD8,6TFB,Druggable lipid groove of Frizzled CRD,2.0,Strong (-7.0 to -8.5),True
MEB,WFZD,Mebendazole,Frizzled CRD (WNT),LOW,-7.039,9,OK,16.3,Anthelmintic,4030,Tubulin binding; well-studied in cancer,FZD8,6TFB,Druggable lipid groove of Frizzled CRD,3.0,Strong (-7.0 to -8.5),True
KET,WFZD,Ketoconazole,Frizzled CRD (WNT),LOW,-6.937,9,OK,65.3,Antifungal,456201,Steroidogenesis inhibition,FZD8,6TFB,Druggable lipid groove of Frizzled CRD,4.0,Moderate (-6.0 to -7.0),False
FEN,WFZD,Fenbendazole,Frizzled CRD (WNT),LOW,-6.78,9,OK,17.6,Anthelmintic,3334,β-tubulin inhibition; p53 activation,FZD8,6TFB,Druggable lipid groove of Frizzled CRD,5.0,Moderate (-6.0 to -7.0),False
ITR,WFZD,Itraconazole,Frizzled CRD (WNT),HIGH,-6.77,9,OK,95.9,Antifungal,55283,Hedgehog pathway; angiogenesis inhibition,FZD8,6TFB,Druggable lipid groove of Frizzled CRD,6.0,Moderate (-6.0 to -7.0),False
NIC,WFZD,Niclosamide,Frizzled CRD (WNT),HIGH,-6.418,9,OK,15.3,Anthelmintic,4477,WNT/STAT3/mTOR pathway inhibition,FZD8,6TFB,Druggable lipid groove of Frizzled CRD,7.0,Moderate (-6.0 to -7.0),False
NIT,WFZD,Nitazoxanide,Frizzled CRD (WNT),LOW,-6.261,9,OK,20.0,Antiparasitic,41684,STAT3/c-Myc inhibition,FZD8,6TFB,Druggable lipid groove of Frizzled CRD,8.0,Moderate (-6.0 to -7.0),False
ALB,WFZD,Albendazole,Frizzled CRD (WNT),LOW,-5.673,9,OK,14.0,Anthelmintic,2082,Tubulin binding; GLUT inhibition,FZD8,6TFB,Druggable lipid groove of Frizzled CRD,9.0,Weak (> -6.0),False
CLQ,WFZD,Chloroquine,Frizzled CRD (WNT),LOW,-5.556,9,OK,26.9,Antimalarial,2719,Autophagy inhibition,FZD8,6TFB,Druggable lipid groove of Frizzled CRD,10.0,Weak (> -6.0),False
MET,WFZD,Metformin,Frizzled CRD (WNT),LOW,-4.599,9,OK,4.4,Antidiabetic,4091,AMPK activation; mTOR inhibition,FZD8,6TFB,Druggable lipid groove of Frizzled CRD,11.0,Weak (> -6.0),False
DIS,WFZD,Disulfiram,Frizzled CRD (WNT),LOW,-4.198,9,OK,14.8,Other,3117,Proteasome inhibition (copper-dependent),FZD8,6TFB,Druggable lipid groove of Frizzled CRD,12.0,Weak (> -6.0),False
