compound_name,Frizzled CRD (WNT),GLUT1 transporter,Importin-α (NLS),MDM2 (p53 pathway),PAK1 kinase,STAT3,Thioredoxin reductase 1,β-Tubulin
Albendazole,-5.673,-6.733,-5.493,-6.266,-6.497,-5.509,-7.098,-7.22
Chloroquine,-5.556,-6.822,-5.375,-6.984,-6.165,-5.622,-6.944,-7.658
Disulfiram,-4.198,-5.183,-3.846,-4.877,-4.543,-3.796,-5.119,-5.21
Fenbendazole,-6.78,-8.056,-6.859,-7.704,-7.726,-6.384,-8.488,-9.099
Itraconazole,-6.77,-10.76,-8.835,-7.879,-8.374,-7.718,-5.438,-5.653
Ivermectin,-7.398,-12.17,-9.473,-8.043,-8.578,-8.648,-9.779,1.22
Ketoconazole,-6.937,-10.43,-7.993,-7.558,-8.787,-6.836,-10.17,-11.32
Mebendazole,-7.039,-8.533,-7.296,-7.97,-8.419,-7.076,-8.8,-9.563
Metformin,-4.599,-4.971,-4.828,-4.024,-4.219,-4.222,-5.108,-5.458
Niclosamide,-6.418,-8.68,-6.67,-7.127,-7.471,-6.035,-7.852,-8.981
Nitazoxanide,-6.261,-7.975,-6.319,-6.418,-7.273,-5.852,-7.391,-8.532
Praziquantel,-7.465,-9.629,-7.357,-8.819,-8.501,-6.646,-8.985,-10.08
