compound_id,target_id,compound_name,target_name,priority,vina_affinity_kcal,n_poses,status,time_sec,drug_class,pubchem_cid,rationale,gene,primary_pdb,binding_site_description,rank_in_target,hit_tier,is_hit,mw,heavy_atoms,clogp,hbd,hba,rotb,tpsa,neg_affinity,LE,pKd,LipE
KET,BTUB,Ketoconazole,β-Tubulin,LOW,-11.32,9,OK,63.3,Antifungal,456201,Steroidogenesis inhibition,TUBB,4O2B,Colchicine pocket at alpha-beta tubulin interface,1.0,Very Strong (<= -8.5),True,531.4400000000004,36,4.2058000000000035,0,6,7,69.06,11.32,0.31444444444444447,8.30520909757887,4.099409097578867
PRA,BTUB,Praziquantel,β-Tubulin,MEDIUM,-10.08,9,OK,15.1,Anthelmintic,4891,Under-studied — gap to fill,TUBB,4O2B,Colchicine pocket at alpha-beta tubulin interface,2.0,Very Strong (<= -8.5),True,312.4129999999999,23,2.5349000000000013,0,2,1,40.620000000000005,10.08,0.43826086956521737,7.39545121056493,4.860551210564929
MEB,BTUB,Mebendazole,β-Tubulin,HIGH,-9.563,9,OK,16.8,Anthelmintic,4030,Tubulin binding; well-studied in cancer,TUBB,4O2B,Colchicine pocket at alpha-beta tubulin interface,3.0,Very Strong (<= -8.5),True,295.29800000000006,22,2.972200000000001,2,4,3,84.08000000000001,9.563,0.4346818181818182,7.016140865737345,4.043940865737344
FEN,BTUB,Fenbendazole,β-Tubulin,UNKNOWN,-9.099,9,OK,0.0,Anthelmintic,3334,β-tubulin inhibition; p53 activation,TUBB,4O2B,Colchicine pocket at alpha-beta tubulin interface,4.0,Very Strong (<= -8.5),True,299.3550000000001,21,3.892400000000002,2,4,3,67.01,9.099,0.4332857142857143,6.675715333822451,2.783315333822449
NIC,BTUB,Niclosamide,β-Tubulin,LOW,-8.981,9,OK,16.7,Anthelmintic,4477,WNT/STAT3/mTOR pathway inhibition,TUBB,4O2B,Colchicine pocket at alpha-beta tubulin interface,5.0,Very Strong (<= -8.5),True,327.12300000000005,21,3.8595000000000015,2,4,3,92.47000000000001,8.981,0.42766666666666664,6.589141599413059,2.729641599413058
NIT,BTUB,Nitazoxanide,β-Tubulin,LOW,-8.532,9,OK,19.7,Antiparasitic,41684,STAT3/c-Myc inhibition,TUBB,4O2B,Colchicine pocket at alpha-beta tubulin interface,6.0,Very Strong (<= -8.5),True,307.28700000000003,21,2.2289000000000003,1,7,4,111.43,8.532,0.4062857142857143,6.259721203228173,4.0308212032281725
CLQ,BTUB,Chloroquine,β-Tubulin,LOW,-7.658,9,OK,28.3,Antimalarial,2719,Autophagy inhibition,TUBB,4O2B,Colchicine pocket at alpha-beta tubulin interface,7.0,Strong (-7.0 to -8.5),True,319.88,22,4.810600000000004,1,3,8,28.16,7.658,0.3480909090909091,5.618488628026412,0.8078886280264079
ALB,BTUB,Albendazole,β-Tubulin,HIGH,-7.22,9,OK,14.8,Anthelmintic,2082,Tubulin binding; GLUT inhibition,TUBB,4O2B,Colchicine pocket at alpha-beta tubulin interface,8.0,Strong (-7.0 to -8.5),True,265.33799999999997,18,3.2433000000000014,2,4,4,67.01,7.22,0.4011111111111111,5.297138664710198,2.053838664710197
ITR,BTUB,Itraconazole,β-Tubulin,LOW,-5.653,9,OK,79.0,Antifungal,55283,Hedgehog pathway; angiogenesis inhibition,TUBB,4O2B,Colchicine pocket at alpha-beta tubulin interface,9.0,Weak (> -6.0),False,705.6470000000004,49,5.577300000000006,0,9,11,104.70000000000002,5.653,0.1153673469387755,4.147468818782098,-1.4298311812179083
MET,BTUB,Metformin,β-Tubulin,LOW,-5.458,9,OK,5.7,Antidiabetic,4091,AMPK activation; mTOR inhibition,TUBB,4O2B,Colchicine pocket at alpha-beta tubulin interface,10.0,Weak (> -6.0),False,129.167,9,-1.2438299999999995,3,1,0,91.49,5.458,0.6064444444444445,4.004402054292003,5.248232054292002
DIS,BTUB,Disulfiram,β-Tubulin,LOW,-5.21,9,OK,16.5,Other,3117,Proteasome inhibition (copper-dependent),TUBB,4O2B,Colchicine pocket at alpha-beta tubulin interface,11.0,Weak (> -6.0),False,296.552,16,3.6212000000000026,0,4,4,6.48,5.21,0.325625,3.822450476889215,0.2012504768892125
IVE,BTUB,Ivermectin,β-Tubulin,LOW,1.22,9,OK,154.9,Anthelmintic,6321424,PAK1/importin-β1/P-gp inhibition,TUBB,4O2B,Colchicine pocket at alpha-beta tubulin interface,12.0,Weak (> -6.0),False,875.106,62,5.601400000000007,3,14,8,170.06,-1.22,-0.01967741935483871,-0.8950843727072634,-6.49648437270727
IVE,GLU1,Ivermectin,GLUT1 transporter,LOW,-12.17,9,OK,119.9,Anthelmintic,6321424,PAK1/importin-β1/P-gp inhibition,SLC2A1,5EQI,Inward-facing glucose/cytochalasin B binding cavity,1.0,Very Strong (<= -8.5),True,875.106,62,5.601400000000007,3,14,8,170.06,12.17,0.19629032258064516,8.928833455612619,3.3274334556126117
ITR,GLU1,Itraconazole,GLUT1 transporter,LOW,-10.76,9,OK,110.9,Antifungal,55283,Hedgehog pathway; angiogenesis inhibition,SLC2A1,5EQI,Inward-facing glucose/cytochalasin B binding cavity,2.0,Very Strong (<= -8.5),True,705.6470000000004,49,5.577300000000006,0,9,11,104.70000000000002,10.76,0.21959183673469387,7.894350696991929,2.317050696991923
KET,GLU1,Ketoconazole,GLUT1 transporter,LOW,-10.43,9,OK,51.9,Antifungal,456201,Steroidogenesis inhibition,SLC2A1,5EQI,Inward-facing glucose/cytochalasin B binding cavity,3.0,Very Strong (<= -8.5),True,531.4400000000004,36,4.2058000000000035,0,6,7,69.06,10.43,0.2897222222222222,7.652237710931768,3.4464377109317645
PRA,GLU1,Praziquantel,GLUT1 transporter,LOW,-9.629,9,OK,12.5,Anthelmintic,4891,Under-studied — gap to fill,SLC2A1,5EQI,Inward-facing glucose/cytochalasin B binding cavity,4.0,Very Strong (<= -8.5),True,312.4129999999999,23,2.5349000000000013,0,2,1,40.620000000000005,9.629,0.41865217391304343,7.064563462949376,4.529663462949375
NIC,GLU1,Niclosamide,GLUT1 transporter,LOW,-8.68,9,OK,14.7,Anthelmintic,4477,WNT/STAT3/mTOR pathway inhibition,SLC2A1,5EQI,Inward-facing glucose/cytochalasin B binding cavity,5.0,Very Strong (<= -8.5),True,327.12300000000005,21,3.8595000000000015,2,4,3,92.47000000000001,8.68,0.41333333333333333,6.368305209097579,2.508805209097577
MEB,GLU1,Mebendazole,GLUT1 transporter,MEDIUM,-8.533,9,OK,14.7,Anthelmintic,4030,Tubulin binding; well-studied in cancer,SLC2A1,5EQI,Inward-facing glucose/cytochalasin B binding cavity,6.0,Very Strong (<= -8.5),True,295.29800000000006,22,2.972200000000001,2,4,3,84.08000000000001,8.533,0.38786363636363635,6.260454878943507,3.2882548789435058
FEN,GLU1,Fenbendazole,GLUT1 transporter,UNKNOWN,-8.056,9,OK,0.0,Anthelmintic,3334,β-tubulin inhibition; p53 activation,SLC2A1,5EQI,Inward-facing glucose/cytochalasin B binding cavity,7.0,Strong (-7.0 to -8.5),True,299.3550000000001,21,3.892400000000002,2,4,3,67.01,8.056,0.3836190476190476,5.910491562729273,2.0180915627292713
NIT,GLU1,Nitazoxanide,GLUT1 transporter,LOW,-7.975,9,OK,16.2,Antiparasitic,41684,STAT3/c-Myc inhibition,SLC2A1,5EQI,Inward-facing glucose/cytochalasin B binding cavity,8.0,Strong (-7.0 to -8.5),True,307.28700000000003,21,2.2289000000000003,1,7,4,111.43,7.975,0.37976190476190474,5.8510638297872335,3.622163829787233
CLQ,GLU1,Chloroquine,GLUT1 transporter,LOW,-6.822,9,OK,24.3,Antimalarial,2719,Autophagy inhibition,SLC2A1,5EQI,Inward-facing glucose/cytochalasin B binding cavity,9.0,Moderate (-6.0 to -7.0),False,319.88,22,4.810600000000004,1,3,8,28.16,6.822,0.3100909090909091,5.0051357300073365,0.19453573000733204
ALB,GLU1,Albendazole,GLUT1 transporter,HIGH,-6.733,9,OK,13.0,Anthelmintic,2082,Tubulin binding; GLUT inhibition,SLC2A1,5EQI,Inward-facing glucose/cytochalasin B binding cavity,10.0,Moderate (-6.0 to -7.0),False,265.33799999999997,18,3.2433000000000014,2,4,4,67.01,6.733,0.37405555555555553,4.939838591342626,1.696538591342625
DIS,GLU1,Disulfiram,GLUT1 transporter,LOW,-5.183,9,OK,13.8,Other,3117,Proteasome inhibition (copper-dependent),SLC2A1,5EQI,Inward-facing glucose/cytochalasin B binding cavity,11.0,Weak (> -6.0),False,296.552,16,3.6212000000000026,0,4,4,6.48,5.183,0.3239375,3.8026412325752017,0.18144123257519906
MET,GLU1,Metformin,GLUT1 transporter,HIGH,-4.971,9,OK,4.7,Antidiabetic,4091,AMPK activation; mTOR inhibition,SLC2A1,5EQI,Inward-facing glucose/cytochalasin B binding cavity,12.0,Weak (> -6.0),False,129.167,9,-1.2438299999999995,3,1,0,91.49,4.971,0.5523333333333333,3.6471019809244316,4.890931980924432
IVE,IMPA,Ivermectin,Importin-α (NLS),LOW,-9.473,9,OK,121.4,Anthelmintic,6321424,PAK1/importin-β1/P-gp inhibition,KPNA2,4WV6,Armadillo-repeat NLS recognition groove,1.0,Very Strong (<= -8.5),True,875.106,62,5.601400000000007,3,14,8,170.06,9.473,0.15279032258064518,6.950110051357301,1.348710051357294
ITR,IMPA,Itraconazole,Importin-α (NLS),LOW,-8.835,9,OK,60.7,Antifungal,55283,Hedgehog pathway; angiogenesis inhibition,KPNA2,4WV6,Armadillo-repeat NLS recognition groove,2.0,Very Strong (<= -8.5),True,705.6470000000004,49,5.577300000000006,0,9,11,104.70000000000002,8.835,0.18030612244897962,6.482024944974322,0.9047249449743155
KET,IMPA,Ketoconazole,Importin-α (NLS),LOW,-7.993,9,OK,57.5,Antifungal,456201,Steroidogenesis inhibition,KPNA2,4WV6,Armadillo-repeat NLS recognition groove,3.0,Strong (-7.0 to -8.5),True,531.4400000000004,36,4.2058000000000035,0,6,7,69.06,7.993,0.2220277777777778,5.864269992663243,1.6584699926632398
PRA,IMPA,Praziquantel,Importin-α (NLS),LOW,-7.357,9,OK,14.9,Anthelmintic,4891,Under-studied — gap to fill,KPNA2,4WV6,Armadillo-repeat NLS recognition groove,4.0,Strong (-7.0 to -8.5),True,312.4129999999999,23,2.5349000000000013,0,2,1,40.620000000000005,7.357,0.3198695652173913,5.397652237710932,2.8627522377109305
MEB,IMPA,Mebendazole,Importin-α (NLS),LOW,-7.296,9,OK,16.9,Anthelmintic,4030,Tubulin binding; well-studied in cancer,KPNA2,4WV6,Armadillo-repeat NLS recognition groove,5.0,Strong (-7.0 to -8.5),True,295.29800000000006,22,2.972200000000001,2,4,3,84.08000000000001,7.296,0.3316363636363637,5.352898019075568,2.3806980190755676
FEN,IMPA,Fenbendazole,Importin-α (NLS),UNKNOWN,-6.859,9,OK,0.0,Anthelmintic,3334,β-tubulin inhibition; p53 activation,KPNA2,4WV6,Armadillo-repeat NLS recognition groove,6.0,Moderate (-6.0 to -7.0),False,299.3550000000001,21,3.892400000000002,2,4,3,67.01,6.859,0.32661904761904764,5.032281731474688,1.139881731474686
NIC,IMPA,Niclosamide,Importin-α (NLS),LOW,-6.67,9,OK,16.6,Anthelmintic,4477,WNT/STAT3/mTOR pathway inhibition,KPNA2,4WV6,Armadillo-repeat NLS recognition groove,7.0,Moderate (-6.0 to -7.0),False,327.12300000000005,21,3.8595000000000015,2,4,3,92.47000000000001,6.67,0.31761904761904763,4.8936170212765955,1.034117021276594
NIT,IMPA,Nitazoxanide,Importin-α (NLS),LOW,-6.319,9,OK,19.0,Antiparasitic,41684,STAT3/c-Myc inhibition,KPNA2,4WV6,Armadillo-repeat NLS recognition groove,8.0,Moderate (-6.0 to -7.0),False,307.28700000000003,21,2.2289000000000003,1,7,4,111.43,6.319,0.3009047619047619,4.636096845194424,2.4071968451944237
ALB,IMPA,Albendazole,Importin-α (NLS),LOW,-5.493,9,OK,14.3,Anthelmintic,2082,Tubulin binding; GLUT inhibition,KPNA2,4WV6,Armadillo-repeat NLS recognition groove,9.0,Weak (> -6.0),False,265.33799999999997,18,3.2433000000000014,2,4,4,67.01,5.493,0.3051666666666667,4.030080704328687,0.7867807043286854
CLQ,IMPA,Chloroquine,Importin-α (NLS),LOW,-5.375,9,OK,28.3,Antimalarial,2719,Autophagy inhibition,KPNA2,4WV6,Armadillo-repeat NLS recognition groove,10.0,Weak (> -6.0),False,319.88,22,4.810600000000004,1,3,8,28.16,5.375,0.24431818181818182,3.9435069699192957,-0.8670930300807087
MET,IMPA,Metformin,Importin-α (NLS),LOW,-4.828,9,OK,5.2,Antidiabetic,4091,AMPK activation; mTOR inhibition,KPNA2,4WV6,Armadillo-repeat NLS recognition groove,11.0,Weak (> -6.0),False,129.167,9,-1.2438299999999995,3,1,0,91.49,4.828,0.5364444444444445,3.542186353631695,4.786016353631695
DIS,IMPA,Disulfiram,Importin-α (NLS),LOW,-3.846,9,OK,14.9,Other,3117,Proteasome inhibition (copper-dependent),KPNA2,4WV6,Armadillo-repeat NLS recognition groove,12.0,Weak (> -6.0),False,296.552,16,3.6212000000000026,0,4,4,6.48,3.846,0.240375,2.8217168011738814,-0.7994831988261213
PRA,MDM2,Praziquantel,MDM2 (p53 pathway),LOW,-8.819,9,OK,12.8,Anthelmintic,4891,Under-studied — gap to fill,MDM2,4HG7,Nutlin-3a small-molecule binding pocket,1.0,Very Strong (<= -8.5),True,312.4129999999999,23,2.5349000000000013,0,2,1,40.620000000000005,8.819,0.3834347826086957,6.4702861335289805,3.9353861335289793
IVE,MDM2,Ivermectin,MDM2 (p53 pathway),LOW,-8.043,9,OK,124.3,Anthelmintic,6321424,PAK1/importin-β1/P-gp inhibition,MDM2,4HG7,Nutlin-3a small-molecule binding pocket,2.0,Strong (-7.0 to -8.5),True,875.106,62,5.601400000000007,3,14,8,170.06,8.043,0.12972580645161289,5.900953778429933,0.29955377842992625
MEB,MDM2,Mebendazole,MDM2 (p53 pathway),HIGH,-7.97,9,OK,16.3,Anthelmintic,4030,Tubulin binding; well-studied in cancer,MDM2,4HG7,Nutlin-3a small-molecule binding pocket,3.0,Strong (-7.0 to -8.5),True,295.29800000000006,22,2.972200000000001,2,4,3,84.08000000000001,7.97,0.36227272727272725,5.847395451210565,2.8751954512105637
ITR,MDM2,Itraconazole,MDM2 (p53 pathway),LOW,-7.879,9,OK,85.2,Antifungal,55283,Hedgehog pathway; angiogenesis inhibition,MDM2,4HG7,Nutlin-3a small-molecule binding pocket,4.0,Strong (-7.0 to -8.5),True,705.6470000000004,49,5.577300000000006,0,9,11,104.70000000000002,7.879,0.16079591836734694,5.780630961115187,0.20333096111518056
FEN,MDM2,Fenbendazole,MDM2 (p53 pathway),HIGH,-7.704,9,OK,15.4,Anthelmintic,3334,β-tubulin inhibition; p53 activation,MDM2,4HG7,Nutlin-3a small-molecule binding pocket,5.0,Strong (-7.0 to -8.5),True,299.3550000000001,21,3.892400000000002,2,4,3,67.01,7.704,0.3668571428571428,5.652237710931768,1.759837710931766
KET,MDM2,Ketoconazole,MDM2 (p53 pathway),LOW,-7.558,9,OK,59.5,Antifungal,456201,Steroidogenesis inhibition,MDM2,4HG7,Nutlin-3a small-molecule binding pocket,6.0,Strong (-7.0 to -8.5),True,531.4400000000004,36,4.2058000000000035,0,6,7,69.06,7.558,0.20994444444444443,5.54512105649303,1.3393210564930262
NIC,MDM2,Niclosamide,MDM2 (p53 pathway),LOW,-7.127,9,OK,19.0,Anthelmintic,4477,WNT/STAT3/mTOR pathway inhibition,MDM2,4HG7,Nutlin-3a small-molecule binding pocket,7.0,Strong (-7.0 to -8.5),True,327.12300000000005,21,3.8595000000000015,2,4,3,92.47000000000001,7.127,0.3393809523809524,5.228906823184152,1.3694068231841507
CLQ,MDM2,Chloroquine,MDM2 (p53 pathway),MEDIUM,-6.984,9,OK,26.3,Antimalarial,2719,Autophagy inhibition,MDM2,4HG7,Nutlin-3a small-molecule binding pocket,8.0,Moderate (-6.0 to -7.0),False,319.88,22,4.810600000000004,1,3,8,28.16,6.984,0.31745454545454543,5.123991195891416,0.31339119589141173
NIT,MDM2,Nitazoxanide,MDM2 (p53 pathway),HIGH,-6.418,9,OK,17.0,Antiparasitic,41684,STAT3/c-Myc inhibition,MDM2,4HG7,Nutlin-3a small-molecule binding pocket,9.0,Moderate (-6.0 to -7.0),False,307.28700000000003,21,2.2289000000000003,1,7,4,111.43,6.418,0.3056190476190476,4.708730741012473,2.4798307410124725
ALB,MDM2,Albendazole,MDM2 (p53 pathway),LOW,-6.266,9,OK,13.5,Anthelmintic,2082,Tubulin binding; GLUT inhibition,MDM2,4HG7,Nutlin-3a small-molecule binding pocket,10.0,Moderate (-6.0 to -7.0),False,265.33799999999997,18,3.2433000000000014,2,4,4,67.01,6.266,0.3481111111111111,4.597212032281732,1.3539120322817304
DIS,MDM2,Disulfiram,MDM2 (p53 pathway),MEDIUM,-4.877,9,OK,13.8,Other,3117,Proteasome inhibition (copper-dependent),MDM2,4HG7,Nutlin-3a small-molecule binding pocket,11.0,Weak (> -6.0),False,296.552,16,3.6212000000000026,0,4,4,6.48,4.877,0.3048125,3.578136463683052,-0.04306353631695048
MET,MDM2,Metformin,MDM2 (p53 pathway),LOW,-4.024,9,OK,4.3,Antidiabetic,4091,AMPK activation; mTOR inhibition,MDM2,4HG7,Nutlin-3a small-molecule binding pocket,12.0,Weak (> -6.0),False,129.167,9,-1.2438299999999995,3,1,0,91.49,4.024,0.4471111111111111,2.9523110785033015,4.196141078503301
KET,PAK1,Ketoconazole,PAK1 kinase,LOW,-8.787,9,OK,58.9,Antifungal,456201,Steroidogenesis inhibition,PAK1,2HY8,ATP-binding cleft between N- and C-terminal lobes,1.0,Very Strong (<= -8.5),True,531.4400000000004,36,4.2058000000000035,0,6,7,69.06,8.787,0.24408333333333335,6.446808510638299,2.241008510638295
IVE,PAK1,Ivermectin,PAK1 kinase,HIGH,-8.578,9,OK,151.3,Anthelmintic,6321424,PAK1/importin-β1/P-gp inhibition,PAK1,2HY8,ATP-binding cleft between N- and C-terminal lobes,2.0,Very Strong (<= -8.5),True,875.106,62,5.601400000000007,3,14,8,170.06,8.578,0.1383548387096774,6.2934702861335285,0.6920702861335215
PRA,PAK1,Praziquantel,PAK1 kinase,LOW,-8.501,9,OK,15.3,Anthelmintic,4891,Under-studied — gap to fill,PAK1,2HY8,ATP-binding cleft between N- and C-terminal lobes,3.0,Very Strong (<= -8.5),True,312.4129999999999,23,2.5349000000000013,0,2,1,40.620000000000005,8.501,0.3696086956521739,6.236977256052825,3.7020772560528235
MEB,PAK1,Mebendazole,PAK1 kinase,LOW,-8.419,9,OK,14.5,Anthelmintic,4030,Tubulin binding; well-studied in cancer,PAK1,2HY8,ATP-binding cleft between N- and C-terminal lobes,4.0,Strong (-7.0 to -8.5),True,295.29800000000006,22,2.972200000000001,2,4,3,84.08000000000001,8.419,0.3826818181818182,6.176815847395452,3.204615847395451
ITR,PAK1,Itraconazole,PAK1 kinase,MEDIUM,-8.374,9,OK,82.5,Antifungal,55283,Hedgehog pathway; angiogenesis inhibition,PAK1,2HY8,ATP-binding cleft between N- and C-terminal lobes,5.0,Strong (-7.0 to -8.5),True,705.6470000000004,49,5.577300000000006,0,9,11,104.70000000000002,8.374,0.17089795918367348,6.14380044020543,0.5665004402054237
FEN,PAK1,Fenbendazole,PAK1 kinase,UNKNOWN,-7.726,9,OK,0.0,Anthelmintic,3334,β-tubulin inhibition; p53 activation,PAK1,2HY8,ATP-binding cleft between N- and C-terminal lobes,6.0,Strong (-7.0 to -8.5),True,299.3550000000001,21,3.892400000000002,2,4,3,67.01,7.726,0.3679047619047619,5.668378576669112,1.77597857666911
NIC,PAK1,Niclosamide,PAK1 kinase,MEDIUM,-7.471,9,OK,14.3,Anthelmintic,4477,WNT/STAT3/mTOR pathway inhibition,PAK1,2HY8,ATP-binding cleft between N- and C-terminal lobes,7.0,Strong (-7.0 to -8.5),True,327.12300000000005,21,3.8595000000000015,2,4,3,92.47000000000001,7.471,0.3557619047619048,5.481291269258987,1.6217912692589858
NIT,PAK1,Nitazoxanide,PAK1 kinase,LOW,-7.273,9,OK,15.9,Antiparasitic,41684,STAT3/c-Myc inhibition,PAK1,2HY8,ATP-binding cleft between N- and C-terminal lobes,8.0,Strong (-7.0 to -8.5),True,307.28700000000003,21,2.2289000000000003,1,7,4,111.43,7.273,0.3463333333333333,5.3360234776228905,3.10712347762289
ALB,PAK1,Albendazole,PAK1 kinase,LOW,-6.497,9,OK,12.8,Anthelmintic,2082,Tubulin binding; GLUT inhibition,PAK1,2HY8,ATP-binding cleft between N- and C-terminal lobes,9.0,Moderate (-6.0 to -7.0),False,265.33799999999997,18,3.2433000000000014,2,4,4,67.01,6.497,0.36094444444444446,4.766691122523844,1.5233911225238428
CLQ,PAK1,Chloroquine,PAK1 kinase,LOW,-6.165,9,OK,24.6,Antimalarial,2719,Autophagy inhibition,PAK1,2HY8,ATP-binding cleft between N- and C-terminal lobes,10.0,Moderate (-6.0 to -7.0),False,319.88,22,4.810600000000004,1,3,8,28.16,6.165,0.2802272727272727,4.5231107850330154,-0.287489214966989
DIS,PAK1,Disulfiram,PAK1 kinase,LOW,-4.543,9,OK,13.7,Other,3117,Proteasome inhibition (copper-dependent),PAK1,2HY8,ATP-binding cleft between N- and C-terminal lobes,11.0,Weak (> -6.0),False,296.552,16,3.6212000000000026,0,4,4,6.48,4.543,0.2839375,3.3330887747615554,-0.28811122523844723
MET,PAK1,Metformin,PAK1 kinase,MEDIUM,-4.219,9,OK,4.3,Antidiabetic,4091,AMPK activation; mTOR inhibition,PAK1,2HY8,ATP-binding cleft between N- and C-terminal lobes,12.0,Weak (> -6.0),False,129.167,9,-1.2438299999999995,3,1,0,91.49,4.219,0.4687777777777778,3.0953778429933974,4.339207842993397
IVE,STA3,Ivermectin,STAT3,MEDIUM,-8.648,9,OK,106.1,Anthelmintic,6321424,PAK1/importin-β1/P-gp inhibition,STAT3,6NJS,SH2 domain phosphotyrosine binding pocket,1.0,Very Strong (<= -8.5),True,875.106,62,5.601400000000007,3,14,8,170.06,8.648,0.13948387096774192,6.344827586206897,0.7434275862068898
ITR,STA3,Itraconazole,STAT3,LOW,-7.718,9,OK,65.4,Antifungal,55283,Hedgehog pathway; angiogenesis inhibition,STAT3,6NJS,SH2 domain phosphotyrosine binding pocket,2.0,Strong (-7.0 to -8.5),True,705.6470000000004,49,5.577300000000006,0,9,11,104.70000000000002,7.718,0.15751020408163266,5.662509170946442,0.08520917094643554
MEB,STA3,Mebendazole,STAT3,LOW,-7.076,9,OK,18.6,Anthelmintic,4030,Tubulin binding; well-studied in cancer,STAT3,6NJS,SH2 domain phosphotyrosine binding pocket,3.0,Strong (-7.0 to -8.5),True,295.29800000000006,22,2.972200000000001,2,4,3,84.08000000000001,7.076,0.3216363636363636,5.191489361702128,2.2192893617021268
KET,STA3,Ketoconazole,STAT3,LOW,-6.836,9,OK,57.3,Antifungal,456201,Steroidogenesis inhibition,STAT3,6NJS,SH2 domain phosphotyrosine binding pocket,4.0,Moderate (-6.0 to -7.0),False,531.4400000000004,36,4.2058000000000035,0,6,7,69.06,6.836,0.18988888888888888,5.01540719002201,0.8096071900220068
PRA,STA3,Praziquantel,STAT3,LOW,-6.646,9,OK,12.6,Anthelmintic,4891,Under-studied — gap to fill,STAT3,6NJS,SH2 domain phosphotyrosine binding pocket,5.0,Moderate (-6.0 to -7.0),False,312.4129999999999,23,2.5349000000000013,0,2,1,40.620000000000005,6.646,0.28895652173913045,4.876008804108584,2.3411088041085826
FEN,STA3,Fenbendazole,STAT3,MEDIUM,-6.384,9,OK,16.9,Anthelmintic,3334,β-tubulin inhibition; p53 activation,STAT3,6NJS,SH2 domain phosphotyrosine binding pocket,6.0,Moderate (-6.0 to -7.0),False,299.3550000000001,21,3.892400000000002,2,4,3,67.01,6.384,0.304,4.6837857666911225,0.7913857666911204
NIC,STA3,Niclosamide,STAT3,HIGH,-6.035,9,OK,22.3,Anthelmintic,4477,WNT/STAT3/mTOR pathway inhibition,STAT3,6NJS,SH2 domain phosphotyrosine binding pocket,7.0,Moderate (-6.0 to -7.0),False,327.12300000000005,21,3.8595000000000015,2,4,3,92.47000000000001,6.035,0.2873809523809524,4.4277329420396185,0.568232942039617
NIT,STA3,Nitazoxanide,STAT3,HIGH,-5.852,9,OK,19.3,Antiparasitic,41684,STAT3/c-Myc inhibition,STAT3,6NJS,SH2 domain phosphotyrosine binding pocket,8.0,Weak (> -6.0),False,307.28700000000003,21,2.2289000000000003,1,7,4,111.43,5.852,0.2786666666666667,4.293470286133529,2.064570286133529
CLQ,STA3,Chloroquine,STAT3,HIGH,-5.622,9,OK,27.4,Antimalarial,2719,Autophagy inhibition,STAT3,6NJS,SH2 domain phosphotyrosine binding pocket,9.0,Weak (> -6.0),False,319.88,22,4.810600000000004,1,3,8,28.16,5.622,0.2555454545454545,4.12472487160675,-0.6858751283932545
ALB,STA3,Albendazole,STAT3,LOW,-5.509,9,OK,14.5,Anthelmintic,2082,Tubulin binding; GLUT inhibition,STAT3,6NJS,SH2 domain phosphotyrosine binding pocket,10.0,Weak (> -6.0),False,265.33799999999997,18,3.2433000000000014,2,4,4,67.01,5.509,0.3060555555555556,4.041819515774028,0.7985195157740268
MET,STA3,Metformin,STAT3,MEDIUM,-4.222,9,OK,4.4,Antidiabetic,4091,AMPK activation; mTOR inhibition,STAT3,6NJS,SH2 domain phosphotyrosine binding pocket,11.0,Weak (> -6.0),False,129.167,9,-1.2438299999999995,3,1,0,91.49,4.222,0.46911111111111115,3.0975788701393987,4.341408870139398
DIS,STA3,Disulfiram,STAT3,LOW,-3.796,9,OK,14.5,Other,3117,Proteasome inhibition (copper-dependent),STAT3,6NJS,SH2 domain phosphotyrosine binding pocket,12.0,Weak (> -6.0),False,296.552,16,3.6212000000000026,0,4,4,6.48,3.796,0.23725,2.78503301540719,-0.8361669845928126
KET,TRXR,Ketoconazole,Thioredoxin reductase 1,MEDIUM,-10.17,9,OK,64.8,Antifungal,456201,Steroidogenesis inhibition,TXNRD1,2ZZB,C-terminal selenocysteine/redox active site,1.0,Very Strong (<= -8.5),True,531.4400000000004,36,4.2058000000000035,0,6,7,69.06,10.17,0.2825,7.461482024944974,3.2556820249449707
IVE,TRXR,Ivermectin,Thioredoxin reductase 1,LOW,-9.779,9,OK,180.0,Anthelmintic,6321424,PAK1/importin-β1/P-gp inhibition,TXNRD1,2ZZB,C-terminal selenocysteine/redox active site,2.0,Very Strong (<= -8.5),True,875.106,62,5.601400000000007,3,14,8,170.06,9.779,0.1577258064516129,7.17461482024945,1.5732148202494427
PRA,TRXR,Praziquantel,Thioredoxin reductase 1,LOW,-8.985,9,OK,14.2,Anthelmintic,4891,Under-studied — gap to fill,TXNRD1,2ZZB,C-terminal selenocysteine/redox active site,3.0,Very Strong (<= -8.5),True,312.4129999999999,23,2.5349000000000013,0,2,1,40.620000000000005,8.985,0.39065217391304347,6.5920763022743945,4.057176302274393
MEB,TRXR,Mebendazole,Thioredoxin reductase 1,LOW,-8.8,9,OK,16.5,Anthelmintic,4030,Tubulin binding; well-studied in cancer,TXNRD1,2ZZB,C-terminal selenocysteine/redox active site,4.0,Very Strong (<= -8.5),True,295.29800000000006,22,2.972200000000001,2,4,3,84.08000000000001,8.8,0.4,6.456346294937638,3.484146294937637
FEN,TRXR,Fenbendazole,Thioredoxin reductase 1,LOW,-8.488,9,OK,21.3,Anthelmintic,3334,β-tubulin inhibition; p53 activation,TXNRD1,2ZZB,C-terminal selenocysteine/redox active site,5.0,Strong (-7.0 to -8.5),True,299.3550000000001,21,3.892400000000002,2,4,3,67.01,8.488,0.40419047619047616,6.227439471753485,2.3350394717534826
NIC,TRXR,Niclosamide,Thioredoxin reductase 1,LOW,-7.852,9,OK,17.4,Anthelmintic,4477,WNT/STAT3/mTOR pathway inhibition,TXNRD1,2ZZB,C-terminal selenocysteine/redox active site,6.0,Strong (-7.0 to -8.5),True,327.12300000000005,21,3.8595000000000015,2,4,3,92.47000000000001,7.852,0.3739047619047619,5.760821716801174,1.9013217168011725
NIT,TRXR,Nitazoxanide,Thioredoxin reductase 1,LOW,-7.391,9,OK,17.8,Antiparasitic,41684,STAT3/c-Myc inhibition,TXNRD1,2ZZB,C-terminal selenocysteine/redox active site,7.0,Strong (-7.0 to -8.5),True,307.28700000000003,21,2.2289000000000003,1,7,4,111.43,7.391,0.35195238095238096,5.422597212032282,3.1936972120322817
ALB,TRXR,Albendazole,Thioredoxin reductase 1,LOW,-7.098,9,OK,17.9,Anthelmintic,2082,Tubulin binding; GLUT inhibition,TXNRD1,2ZZB,C-terminal selenocysteine/redox active site,8.0,Strong (-7.0 to -8.5),True,265.33799999999997,18,3.2433000000000014,2,4,4,67.01,7.098,0.3943333333333333,5.207630227439472,1.9643302274394703
CLQ,TRXR,Chloroquine,Thioredoxin reductase 1,LOW,-6.944,9,OK,27.9,Antimalarial,2719,Autophagy inhibition,TXNRD1,2ZZB,C-terminal selenocysteine/redox active site,9.0,Moderate (-6.0 to -7.0),False,319.88,22,4.810600000000004,1,3,8,28.16,6.944,0.31563636363636366,5.094644167278063,0.2840441672780587
ITR,TRXR,Itraconazole,Thioredoxin reductase 1,LOW,-5.438,9,OK,101.2,Antifungal,55283,Hedgehog pathway; angiogenesis inhibition,TXNRD1,2ZZB,C-terminal selenocysteine/redox active site,10.0,Weak (> -6.0),False,705.6470000000004,49,5.577300000000006,0,9,11,104.70000000000002,5.438,0.11097959183673468,3.989728539985326,-1.5875714600146802
DIS,TRXR,Disulfiram,Thioredoxin reductase 1,HIGH,-5.119,9,OK,15.5,Other,3117,Proteasome inhibition (copper-dependent),TXNRD1,2ZZB,C-terminal selenocysteine/redox active site,11.0,Weak (> -6.0),False,296.552,16,3.6212000000000026,0,4,4,6.48,5.119,0.3199375,3.755685986793837,0.1344859867938344
MET,TRXR,Metformin,Thioredoxin reductase 1,LOW,-5.108,9,OK,5.7,Antidiabetic,4091,AMPK activation; mTOR inhibition,TXNRD1,2ZZB,C-terminal selenocysteine/redox active site,12.0,Weak (> -6.0),False,129.167,9,-1.2438299999999995,3,1,0,91.49,5.108,0.5675555555555555,3.747615553925165,4.991445553925164
PRA,WFZD,Praziquantel,Frizzled CRD (WNT),MEDIUM,-7.465,9,OK,13.1,Anthelmintic,4891,Under-studied — gap to fill,FZD8,6TFB,Druggable lipid groove of Frizzled CRD,1.0,Strong (-7.0 to -8.5),True,312.4129999999999,23,2.5349000000000013,0,2,1,40.620000000000005,7.465,0.32456521739130434,5.4768892149669846,2.9419892149669833
IVE,WFZD,Ivermectin,Frizzled CRD (WNT),HIGH,-7.398,9,OK,165.7,Anthelmintic,6321424,PAK1/importin-β1/P-gp inhibition,FZD8,6TFB,Druggable lipid groove of Frizzled CRD,2.0,Strong (-7.0 to -8.5),True,875.106,62,5.601400000000007,3,14,8,170.06,7.398,0.11932258064516128,5.4277329420396185,-0.1736670579603885
MEB,WFZD,Mebendazole,Frizzled CRD (WNT),LOW,-7.039,9,OK,16.3,Anthelmintic,4030,Tubulin binding; well-studied in cancer,FZD8,6TFB,Druggable lipid groove of Frizzled CRD,3.0,Strong (-7.0 to -8.5),True,295.29800000000006,22,2.972200000000001,2,4,3,84.08000000000001,7.039,0.31995454545454544,5.164343360234776,2.192143360234775
KET,WFZD,Ketoconazole,Frizzled CRD (WNT),LOW,-6.937,9,OK,65.3,Antifungal,456201,Steroidogenesis inhibition,FZD8,6TFB,Druggable lipid groove of Frizzled CRD,4.0,Moderate (-6.0 to -7.0),False,531.4400000000004,36,4.2058000000000035,0,6,7,69.06,6.937,0.19269444444444445,5.089508437270727,0.8837084372707231
FEN,WFZD,Fenbendazole,Frizzled CRD (WNT),LOW,-6.78,9,OK,17.6,Anthelmintic,3334,β-tubulin inhibition; p53 activation,FZD8,6TFB,Druggable lipid groove of Frizzled CRD,5.0,Moderate (-6.0 to -7.0),False,299.3550000000001,21,3.892400000000002,2,4,3,67.01,6.78,0.32285714285714284,4.974321349963317,1.0819213499633147
ITR,WFZD,Itraconazole,Frizzled CRD (WNT),HIGH,-6.77,9,OK,95.9,Antifungal,55283,Hedgehog pathway; angiogenesis inhibition,FZD8,6TFB,Druggable lipid groove of Frizzled CRD,6.0,Moderate (-6.0 to -7.0),False,705.6470000000004,49,5.577300000000006,0,9,11,104.70000000000002,6.77,0.13816326530612244,4.966984592809978,-0.6103154071900283
NIC,WFZD,Niclosamide,Frizzled CRD (WNT),HIGH,-6.418,9,OK,15.3,Anthelmintic,4477,WNT/STAT3/mTOR pathway inhibition,FZD8,6TFB,Druggable lipid groove of Frizzled CRD,7.0,Moderate (-6.0 to -7.0),False,327.12300000000005,21,3.8595000000000015,2,4,3,92.47000000000001,6.418,0.3056190476190476,4.708730741012473,0.8492307410124713
NIT,WFZD,Nitazoxanide,Frizzled CRD (WNT),LOW,-6.261,9,OK,20.0,Antiparasitic,41684,STAT3/c-Myc inhibition,FZD8,6TFB,Druggable lipid groove of Frizzled CRD,8.0,Moderate (-6.0 to -7.0),False,307.28700000000003,21,2.2289000000000003,1,7,4,111.43,6.261,0.29814285714285715,4.593543653705063,2.3646436537050626
ALB,WFZD,Albendazole,Frizzled CRD (WNT),LOW,-5.673,9,OK,14.0,Anthelmintic,2082,Tubulin binding; GLUT inhibition,FZD8,6TFB,Druggable lipid groove of Frizzled CRD,9.0,Weak (> -6.0),False,265.33799999999997,18,3.2433000000000014,2,4,4,67.01,5.673,0.31516666666666665,4.162142333088775,0.9188423330887732
CLQ,WFZD,Chloroquine,Frizzled CRD (WNT),LOW,-5.556,9,OK,26.9,Antimalarial,2719,Autophagy inhibition,FZD8,6TFB,Druggable lipid groove of Frizzled CRD,10.0,Weak (> -6.0),False,319.88,22,4.810600000000004,1,3,8,28.16,5.556,0.2525454545454546,4.076302274394718,-0.7342977256052867
MET,WFZD,Metformin,Frizzled CRD (WNT),LOW,-4.599,9,OK,4.4,Antidiabetic,4091,AMPK activation; mTOR inhibition,FZD8,6TFB,Druggable lipid groove of Frizzled CRD,11.0,Weak (> -6.0),False,129.167,9,-1.2438299999999995,3,1,0,91.49,4.599,0.511,3.37417461482025,4.618004614820249
DIS,WFZD,Disulfiram,Frizzled CRD (WNT),LOW,-4.198,9,OK,14.8,Other,3117,Proteasome inhibition (copper-dependent),FZD8,6TFB,Druggable lipid groove of Frizzled CRD,12.0,Weak (> -6.0),False,296.552,16,3.6212000000000026,0,4,4,6.48,4.198,0.262375,3.079970652971387,-0.5412293470286156
